Brandon Gilbert,0833 109 3968,convallis@mattis.edu
Keefe Combs,070 5492 1249,ut@Duis.edu
Lamar Spears,0864 046 3847,neque.tellus.imperdiet@doloregestasrhoncus.com
Chancellor Jones,076 5975 2059,dui@Nullam.ca
Dolan Lara,07801 492042,et@consequatenimdiam.co.uk
Carson Benton,0800 1111,Nullam.feugiat.placerat@ullamcorperDuis.org
Damian Keith,0800 067 3922,non@tinciduntnibhPhasellus.edu
Ciaran Mooney,(024) 6106 1630,justo.sit@et.co.uk
Neville Rush,(023) 5195 2565,elit.Curabitur.sed@Fusce.co.uk
Rahim Riley,(01670) 91772,auctor.quis.tristique@liberoProinsed.ca
Linus Duncan,07624 914023,gravida.sagittis.Duis@convallisante.net
Paul Gonzales,0963 672 4885,neque.Morbi@pretiumet.com
Eagan Tyson,0819 413 8291,Sed.malesuada.augue@quis.com
Isaiah Wood,(0151) 910 7328,enim.non.nisi@Aliquamornarelibero.com
Wesley May,0372 815 5481,iaculis.odio.Nam@Namtempordiam.edu
Ferdinand Burnett,(01652) 772128,non.lacinia@bibendumfermentum.edu
Chandler Wallace,(017858) 18326,Suspendisse.aliquet.molestie@lacus.net
Wayne Kemp,0845 46 42,non@Pellentesqueultricies.com
Macon Barrera,0800 434509,porttitor.vulputate@Nuncpulvinararcu.co.uk
Henry Lawson,(028) 1769 9880,vitae.aliquet.nec@Aliquameratvolutpat.ca
Brandon Reese,07624 021159,Duis@auguescelerisque.co.uk
Julian Singleton,056 7555 5664,sed.tortor.Integer@tortor.com
Josiah Carlson,(0111) 817 7794,Nam.nulla.magna@adipiscing.com
Reece Mclean,076 4098 0052,eu.placerat@ultricies.net
Basil Roberson,07029 297368,ut.molestie@Aliquamvulputate.ca
Yoshio Little,076 8220 4231,aptent.taciti@molestie.edu
Wing Gonzales,(01222) 672825,ipsum.Phasellus.vitae@ipsumnuncid.com
Driscoll Pickett,070 7807 3623,tincidunt@interdumSedauctor.net
Barclay Joyner,(01617) 359215,Duis@mollisIntegertincidunt.ca
Nathan Willis,0853 508 5928,natoque.penatibus@loremauctorquis.edu
Ulric Hutchinson,0500 125857,rhoncus.Nullam@auctor.net
Jerry Williamson,(01038) 845408,eu.nibh.vulputate@sitametrisus.net
Colorado Irwin,(017095) 68367,Fusce.dolor.quam@sitametdiam.com
Baxter Clements,076 0300 9375,sociosqu.ad@purusDuis.com
Duncan Marsh,070 5534 1461,massa.Quisque@vitaemaurissit.net
Linus Duffy,0500 283108,nibh@in.edu
Damon Sutton,0800 025 3354,Sed.molestie@laciniavitaesodales.ca
Aladdin Fox,055 0905 6272,hendrerit.neque@ultricesDuis.org
Gareth Crawford,0928 983 9093,non.justo@sedfacilisis.ca
Lucius Martin,(01256) 770252,sit@lectusa.edu
James Sawyer,(01752) 48399,aliquam.adipiscing@velmaurisInteger.com
John Copeland,070 5296 6002,cursus@feugiatmetus.org
Ryder Beard,076 3645 7184,quam@ridiculusmusAenean.ca
Eric Landry,070 3017 4092,malesuada.fames.ac@tortorNunc.ca
Derek Navarro,(01399) 80672,nec@tristique.org
Vance Gilliam,0352 351 1310,dui@nonummyutmolestie.net
Dean Contreras,07707 668730,dapibus.ligula@Cum.edu
Harlan Moore,07624 671952,erat.nonummy.ultricies@conubianostraper.org
Vincent Bruce,0500 659160,in.magna.Phasellus@tinciduntcongueturpis.com
Asher Mclean,0845 46 47,dictum@luctus.com
Vernon Cobb,0312 359 5375,egestas.Duis@lacinia.net
Daniel Boone,(0111) 166 0394,Sed.et@cursusnonegestas.net
Caldwell Burgess,0800 687 9145,imperdiet.ullamcorper.Duis@magnased.net
Russell Savage,055 1605 5058,amet@eueros.edu
Honorato Ruiz,(01842) 535128,ullamcorper.nisl.arcu@ipsumSuspendisse.net
Joseph Noble,0896 469 5151,est.congue.a@facilisislorem.org
Talon Jennings,0800 478 1062,non.cursus.non@sociis.edu
Otto Mckinney,055 6605 2737,enim@ullamcorperDuisat.net
Christian Irwin,(011455) 79552,porttitor.interdum@Donecelementumlorem.ca
Elvis Hampton,0303 692 2579,mattis.velit.justo@Suspendissesed.edu
Sawyer Christensen,055 2049 3335,lectus@nislarcuiaculis.org
Cooper Roberson,(01868) 197191,Fusce@id.com
Vance Weaver,0800 593758,Nulla.tincidunt@libero.edu
Phillip Barber,0800 1111,aliquet.odio@Etiamligula.org
Orson Mcknight,0500 023405,mi.lacinia@ornare.ca
Fletcher Caldwell,0806 263 0181,aliquam.eu@leoMorbineque.net
Oren Pollard,0800 1111,Mauris@venenatisamagna.com
Dalton Hamilton,0800 007010,morbi.tristique@eu.edu
Odysseus Brewer,07624 964518,Cras.interdum.Nunc@venenatis.edu
Odysseus Wilkins,07918 722046,netus@aliquet.ca
Barrett Russell,(0101) 551 2470,magna@nonegestas.co.uk
Carson Pratt,070 6150 4860,magna.nec.quam@ullamcorpermagnaSed.ca
Nissim Fletcher,0500 848509,non@urnaconvalliserat.net
Adrian Tran,076 2103 6931,adipiscing.non@mattisIntegereu.ca
Barrett Mercer,0500 881877,Ut.tincidunt@tincidunt.co.uk
Holmes Mitchell,0800 1111,fringilla@Aliquam.co.uk
Norman Richardson,(0151) 712 4190,enim.Mauris@Intincidunt.com
Duncan Harvey,(01614) 973870,a.dui.Cras@semutdolor.edu
Aquila Terrell,0800 1111,mollis.non.cursus@placerat.ca
Bruno Ball,0800 750482,sodales@purusmauris.org
Cody Wiggins,07624 257415,consectetuer@cubiliaCurae.edu
Oren Padilla,056 5998 9374,Cras.vehicula.aliquet@orciDonecnibh.co.uk
Ciaran Tanner,(016977) 9111,dolor@turpisIn.com
Ronan Rutledge,(015696) 49924,Proin.velit@tristique.org
Evan Mcleod,(016977) 4996,egestas@molestiepharetra.edu
Wesley Knox,0800 000 0444,sem.consequat.nec@etlacinia.edu
Magee Dickson,0800 824917,imperdiet.ullamcorper.Duis@risusDonecegestas.co.uk
Clarke Cherry,07271 903687,Mauris.nulla@duiCraspellentesque.net
Ali Anderson,(0181) 490 2477,Curabitur.vel@blanditatnisi.org
Holmes Mccray,07885 635988,mi@conguea.edu
Baker Harrison,0845 46 44,nec.mollis@arcuiaculisenim.org
Erasmus Crane,(013226) 70192,Donec@tristique.org
George Atkins,07624 094250,interdum@sodalesnisi.edu
Nehru Glass,0800 1111,Donec.feugiat.metus@loremipsum.edu
Jamal Shannon,0800 294953,Duis.sit@necdiamDuis.com
Gavin Hicks,0500 643538,porttitor@at.co.uk
Leo Estes,0384 718 1459,velit@ultricesmauris.edu
Ronan Goff,(0113) 762 0225,lectus.Nullam@Curabitur.com
Steven Mcclure,0800 1111,Duis@aliquetmolestie.co.uk
Dennis Gomez,07420 766072,mauris@non.edu